rouge1,rouge2,rougeL,rougeLsum
0.01991266661082681,0.0,0.020297472613821033,0.019934854990947957
